SK_ID_CURR,DAYS_BIRTH,DAYS_EMPLOYED,EXT_SOURCE_2,EXT_SOURCE_3,DAYS_LAST_PHONE_CHANGE,BURO_DAYS_CREDIT_MIN,BURO_DAYS_CREDIT_MAX,BURO_DAYS_CREDIT_MEAN,BURO_DAYS_CREDIT_ENDDATE_MIN,BURO_DAYS_CREDIT_UPDATE_MEAN,CODE_GENDER,NAME_INCOME_TYPE_cat_Working,BURO_CREDIT_ACTIVE_cat_Active_MEAN,BURO_CREDIT_ACTIVE_cat_Closed_MEAN,PREV_NAME_CONTRACT_STATUS_cat_Approved_MEAN,PREV_NAME_CONTRACT_STATUS_cat_Refused_MEAN,PREV_CODE_REJECT_REASON_cat_HC_MEAN,PREV_CODE_REJECT_REASON_cat_SCOFR_MEAN,PREV_CODE_REJECT_REASON_cat_XAP_MEAN,PREV_NAME_PRODUCT_TYPE_cat_walk-in_MEAN
222231,-19005.0,-741.0,0.6997271040866192,0.6722428897082422,-402.0,-594.0,-402.0,-498.0,-259.0,-297.5,1,1,1.0,0.0,1.0,0.0,0.0,0.0,1.0,0.0
348498,-22077.0,-1050.0,0.6727509525136408,0.5549467685334323,-367.0,-2366.0,-339.0,-1122.0,-540.0,-200.66666666666666,0,1,0.6666666666666666,0.3333333333333333,1.0,0.0,0.0,0.0,1.0,0.0
410382,-19392.0,-1886.0,0.7070176144161534,0.5352762504724826,-632.0,-1836.0,-269.0,-1042.0,-1286.0,-473.08333333333337,1,1,0.375,0.625,1.0,0.0,0.0,0.0,1.0,0.0
215197,-21703.0,-1544.0,0.5373530610486625,0.5352762504724826,-959.0,-1836.0,-269.0,-1042.0,-1286.0,-473.08333333333337,1,0,0.375,0.625,0.8,0.0,0.0,0.0,1.0,0.0
434938,-13672.0,-2228.0,0.6577343839509505,0.5046813193144684,-1734.0,-1554.0,-58.0,-640.7142857142857,-1351.0,-354.85714285714283,1,1,0.42857142857142855,0.5714285714285714,0.8181818181818182,0.18181818181818182,0.0,0.0,0.8181818181818182,0.18181818181818182
167845,-11976.0,-515.0,0.5621651788560735,0.4048783643353997,-591.0,-1685.0,-251.0,-992.578947368421,-1463.0,-548.421052631579,0,1,0.21052631578947367,0.7894736842105263,1.0,0.0,0.0,0.0,1.0,0.0
448116,-19817.0,-1544.0,0.3713237763405639,0.5424451438613613,-2437.0,-2262.0,-376.0,-1239.5,-435.0,-155.5,0,1,0.75,0.25,1.0,0.0,0.0,0.0,1.0,0.0
358119,-13214.0,-3538.0,0.4586085555130808,0.7338145369642702,-1800.0,-2711.0,-171.0,-1960.3333333333333,-2498.0,-967.8333333333334,0,1,0.3333333333333333,0.6666666666666666,0.5,0.0,0.0,0.0,1.0,0.0
139760,-14583.0,-359.0,0.4658487746698609,0.4866531565147181,-1564.0,-2710.0,-468.0,-1730.75,-2527.0,-444.25,1,0,0.75,0.25,1.0,0.0,0.0,0.0,1.0,0.0
102116,-17231.0,-1344.0,0.7461966139749001,0.6577838002083306,-300.0,-2874.0,-478.0,-1673.25,-2143.0,-728.5,1,1,0.0,1.0,1.0,0.0,0.0,0.0,1.0,0.0
395709,-11096.0,-1051.0,0.3914463652747501,0.5352762504724826,-898.0,-1836.0,-269.0,-1042.0,-1286.0,-473.08333333333337,0,0,0.375,0.625,1.0,0.0,0.0,0.0,1.0,0.0
278529,-18002.0,-971.0,0.6707209164456681,0.7649392739475195,-810.0,-2279.0,-269.0,-2279.0,-465.0,-461.0,0,0,0.0,1.0,1.0,0.0,0.0,0.0,1.0,0.0
261838,-14930.0,-739.0,0.6275253242335762,0.633031641417419,-555.0,-2407.0,-439.0,-1250.25,-2096.0,-727.5,0,1,0.25,0.75,0.5,0.5,0.125,0.0,0.5,0.125
380926,-17688.0,-348.0,0.5101251897948935,0.6894791426446275,-2151.0,-1332.0,-88.0,-849.25,-967.0,-237.5,1,1,0.5,0.5,1.0,0.0,0.0,0.0,1.0,0.0
155244,-11636.0,-1015.0,0.2037497910137408,0.1176137317080569,-617.0,-69.0,-69.0,-69.0,1027.0,-8.0,0,1,1.0,0.0,0.6666666666666666,0.3333333333333333,0.0,0.0,0.6666666666666666,0.3333333333333333
202650,-14440.0,-2701.0,0.4968311265189229,0.3233112448967859,-315.0,-310.0,-310.0,-310.0,801.0,-10.0,1,1,1.0,0.0,0.625,0.0,0.0,0.0,0.875,0.125
137623,-14853.0,-5945.0,0.5546700739181861,0.5064842396679806,-1540.0,-2917.0,-1163.0,-2150.6666666666665,-2552.0,-1190.0,0,1,0.16666666666666666,0.8333333333333334,0.4,0.6,0.0,0.0,0.4,0.0
201164,-16889.0,-1660.0,0.6421337607708159,0.6363761710860439,-1146.0,-794.0,-794.0,-794.0,1032.0,-28.0,1,1,1.0,0.0,1.0,0.0,0.0,0.0,1.0,0.3333333333333333
365404,-14757.0,-247.0,0.325271957054181,0.5867400085415683,-3089.0,-2907.0,-138.0,-1593.3333333333333,-2504.0,-1074.8333333333333,0,1,0.25,0.75,0.5,0.0,0.0,0.0,1.0,0.0
203345,-23555.0,-1544.0,0.5847068272434229,0.5352762504724826,-1980.0,-1836.0,-269.0,-1042.0,-1286.0,-473.08333333333337,1,0,0.375,0.625,1.0,0.0,0.0,0.0,1.0,0.0
449875,-13520.0,-2452.0,0.5038505019111407,0.4543210601605785,-829.0,-1529.0,-37.0,-806.75,-1317.0,-589.25,1,1,0.5,0.5,1.0,0.0,0.0,0.0,1.0,0.0
313926,-10332.0,-1989.0,0.2052046474780176,0.5352762504724826,0.0,-1836.0,-269.0,-1042.0,-1286.0,-473.08333333333337,1,0,0.375,0.625,1.0,0.0,0.0,0.0,1.0,0.0
264210,-20019.0,-5987.0,0.6752734315108554,0.5352762504724826,-619.0,-1836.0,-269.0,-1042.0,-1286.0,-473.08333333333337,1,1,0.375,0.625,1.0,0.0,0.0,0.0,1.0,0.0
329296,-21195.0,-1544.0,0.7814363831973243,0.5352762504724826,-1331.0,-2630.0,-644.0,-1265.8,-1353.0,-740.6,1,0,0.0,1.0,1.0,0.0,0.0,0.0,1.0,0.0
235041,-20156.0,-419.0,0.7225774507775395,0.5352762504724826,-1018.0,-1836.0,-269.0,-1042.0,-1286.0,-473.08333333333337,0,1,0.375,0.625,1.0,0.0,0.0,0.0,1.0,0.0
153375,-21926.0,-1544.0,0.3135737507772776,0.3807996826489149,-92.0,-2824.0,-241.0,-1263.5294117647059,-2673.0,-837.5882352941177,1,0,0.17647058823529413,0.8235294117647058,0.5,0.0,0.0,0.0,1.0,0.0
446669,-16026.0,-1310.0,0.3081583912043755,0.2735646775174348,-606.0,-42.0,-42.0,-42.0,325.0,-9.0,1,1,0.5,0.5,0.375,0.125,0.0,0.0,0.875,0.0
107515,-19197.0,-882.0,0.225397742802527,0.5352762504724826,-591.0,-1836.0,-269.0,-1042.0,-1286.0,-473.08333333333337,1,0,0.375,0.625,0.6,0.0,0.0,0.0,1.0,0.0
238839,-15556.0,-1193.0,0.6987705646056872,0.2721336844147212,-1687.0,-2186.0,-427.0,-1100.4,-1974.0,-513.2,1,1,0.6,0.4,0.8333333333333334,0.0,0.0,0.0,0.8333333333333334,0.0
443756,-10187.0,-2721.0,0.5761116985528713,0.5352762504724826,-294.0,-1836.0,-269.0,-1042.0,-1286.0,-473.08333333333337,0,1,0.375,0.625,1.0,0.0,0.0,0.0,1.0,0.0
141705,-16562.0,-1005.0,0.6583396345446277,0.2636468134452008,-2587.0,-2485.0,-63.0,-1066.4444444444443,-2181.0,-591.4444444444445,1,1,0.4444444444444444,0.5555555555555556,1.0,0.0,0.0,0.0,1.0,0.0
383045,-16204.0,-567.0,0.7669595854047836,0.5352762504724826,-1828.0,-1498.0,-523.0,-1173.0,-1102.0,-761.6666666666666,0,1,0.6666666666666666,0.3333333333333333,0.8333333333333334,0.16666666666666666,0.0,0.0,0.8333333333333334,0.0
224050,-14282.0,-1373.0,0.1462947132435239,0.3944954053123993,-866.0,-2155.0,-960.0,-1557.5,-1854.0,-1013.5,1,1,0.0,1.0,0.5714285714285714,0.2857142857142857,0.14285714285714285,0.0,0.7142857142857143,0.0
387217,-12795.0,-2286.0,0.6482907571233852,0.6528965519806539,-1077.0,-1077.0,-366.0,-558.0,-984.0,-318.5,1,0,0.5,0.5,1.0,0.0,0.0,0.0,1.0,0.0
341788,-19400.0,-3034.0,0.4846174283660946,0.5352762504724826,-335.0,-1836.0,-269.0,-1042.0,-1286.0,-473.08333333333337,1,0,0.375,0.625,0.8333333333333334,0.16666666666666666,0.0,0.0,0.8333333333333334,0.0
171713,-20415.0,-270.0,0.779904988200108,0.6642482627052363,-2561.0,-2859.0,-63.0,-1590.25,-2480.0,-911.875,1,1,0.25,0.75,1.0,0.0,0.0,0.0,1.0,0.0
362401,-19830.0,-3915.0,0.226648660130992,0.4740512892789932,0.0,-590.0,-150.0,-370.0,-498.0,-251.0,1,1,0.5,0.5,1.0,0.0,0.0,0.0,1.0,0.0
306474,-16186.0,-1873.0,0.6909629918294362,0.5673792367572691,-882.0,-2855.0,-89.0,-1038.5833333333333,-2551.0,-532.25,1,1,0.4166666666666667,0.5833333333333334,1.0,0.0,0.0,0.0,1.0,0.0
100220,-14823.0,-185.0,0.6263387445759298,0.6075573001388961,-1898.0,-2413.0,-350.0,-1645.142857142857,-2108.0,-996.2857142857143,1,0,0.14285714285714285,0.8571428571428571,0.6666666666666666,0.0,0.0,0.0,0.8333333333333334,0.0
113714,-17338.0,-3936.0,0.5873858390946372,0.6577838002083306,-1983.0,-2497.0,-305.0,-895.5,-2187.0,-544.8333333333334,1,1,0.3333333333333333,0.6666666666666666,0.75,0.25,0.25,0.0,0.75,0.0
197390,-9967.0,-201.0,0.6700202528386803,0.3893387918468769,-1761.0,-1758.0,-269.0,-1758.0,-1607.0,-28.0,1,1,0.0,1.0,0.5,0.5,0.5,0.0,0.5,0.0
153040,-10831.0,-425.0,0.6362737146442704,0.5352762504724826,-1710.0,-1836.0,-269.0,-1042.0,-1286.0,-473.08333333333337,0,1,0.375,0.625,0.8,0.2,0.0,0.0,0.8,0.2
250728,-17571.0,-1594.0,0.5986163497886898,0.5352762504724826,-206.0,-1836.0,-269.0,-1042.0,-1286.0,-473.08333333333337,1,1,0.375,0.625,0.4,0.0,0.0,0.0,1.0,0.0
142260,-23729.0,-482.0,0.6055631067508003,0.5352762504724826,-2296.0,-1836.0,-269.0,-1042.0,-1286.0,-473.08333333333337,1,1,0.375,0.625,0.8,0.0,0.0,0.0,1.0,0.2
131531,-16352.0,-722.0,0.6798311325946742,0.7091891096653581,-515.0,-2071.0,-203.0,-990.0,-1796.0,-417.5,0,1,0.16666666666666666,0.8333333333333334,0.8,0.0,0.0,0.0,1.0,0.0
193034,-9957.0,-859.0,0.5306327549693227,0.5352762504724826,-2141.0,-1836.0,-269.0,-1042.0,-1286.0,-473.08333333333337,0,1,0.375,0.625,1.0,0.0,0.0,0.0,1.0,0.0
309069,-21781.0,-1544.0,0.1621921059592286,0.7047064232963289,0.0,-2251.0,-1221.0,-1736.0,-1917.0,-1459.0,1,0,0.0,1.0,1.0,0.0,0.0,0.0,1.0,0.0
188641,-11998.0,-2255.0,0.6045911732206409,0.6212263380626669,-786.0,-886.0,-253.0,-569.5,452.0,-80.0,1,1,1.0,0.0,0.7,0.0,0.0,0.0,1.0,0.0
334781,-11795.0,-373.0,0.4443777778690432,0.4776491548517548,-1683.0,-2802.0,-265.0,-1880.0,-2071.0,-831.6666666666666,0,1,0.3333333333333333,0.6666666666666666,1.0,0.0,0.0,0.0,1.0,0.0
154600,-19043.0,-5346.0,0.6850817616641524,0.2301588968634147,-981.0,-2718.0,-128.0,-1026.7777777777778,-2190.0,-619.0555555555555,1,1,0.16666666666666666,0.8333333333333334,0.3333333333333333,0.6666666666666666,0.6666666666666666,0.0,0.3333333333333333,0.0
420031,-15068.0,-317.0,0.5577791773930351,0.5352762504724826,-1530.0,-1836.0,-269.0,-1042.0,-1286.0,-473.08333333333337,1,1,0.375,0.625,1.0,0.0,0.0,0.0,1.0,0.0
291292,-20938.0,-1544.0,0.4583479541749202,0.622922000268356,0.0,-2822.0,-526.0,-1367.1818181818182,-2047.0,-603.3636363636364,1,0,0.09090909090909091,0.9090909090909091,1.0,0.0,0.0,0.0,1.0,0.0
243610,-15083.0,-1544.0,0.3899471425950979,0.5352762504724826,-2330.0,-1508.0,-269.0,-1508.0,-1020.0,-720.0,0,1,0.0,1.0,0.6666666666666666,0.0,0.0,0.0,1.0,0.0
129538,-22876.0,-1544.0,0.4052024831363855,0.4276573700350293,-1803.0,-1803.0,-44.0,-1092.5384615384614,-1619.0,-579.5384615384615,1,0,0.3076923076923077,0.6923076923076923,0.4,0.26666666666666666,0.13333333333333333,0.0,0.7333333333333333,0.06666666666666667
156848,-11542.0,-116.0,0.1109250207435075,0.2678689358444539,-215.0,-2145.0,-484.0,-1261.4285714285713,-1962.0,-723.1428571428571,0,0,0.2857142857142857,0.7142857142857143,0.7142857142857143,0.2857142857142857,0.14285714285714285,0.0,0.7142857142857143,0.0
158140,-13908.0,-1544.0,0.7631113671931713,0.5797274227921155,-3211.0,-1611.0,-841.0,-1254.3333333333333,-1429.0,-778.5,0,0,0.3333333333333333,0.6666666666666666,0.6,0.2,0.0,0.0,0.8,0.2
349004,-16039.0,-268.0,0.6909583223565012,0.5352762504724826,-1131.0,-1836.0,-269.0,-1042.0,-1286.0,-473.08333333333337,0,1,0.375,0.625,0.7142857142857143,0.0,0.0,0.0,0.8571428571428571,0.0
253187,-11295.0,-723.0,0.3401455166828612,0.7421816117614419,-608.0,-1104.0,-1104.0,-1104.0,-330.0,-475.0,1,1,0.0,1.0,1.0,0.0,0.0,0.0,1.0,0.0
311422,-22191.0,-1544.0,0.7105787650315146,0.6496203111237195,-1680.0,-2525.0,-72.0,-1049.3333333333333,-1233.0,-308.1666666666667,1,0,0.3333333333333333,0.6666666666666666,1.0,0.0,0.0,0.0,1.0,0.0
370125,-15479.0,-4250.0,0.3944927259075473,0.5082869913916046,-298.0,-2843.0,-135.0,-1187.5882352941176,-2631.0,-818.5294117647059,0,1,0.47058823529411764,0.5294117647058824,0.3125,0.375,0.1875,0.0,0.625,0.0
428111,-19206.0,-1387.0,0.5621221192829816,0.5352762504724826,0.0,-2596.0,-269.0,-1042.0,-2228.0,-473.08333333333337,0,1,0.0,1.0,0.5,0.5,0.0,0.0,0.5,1.0
436962,-15156.0,-1309.0,0.6472130230143975,0.7324033228040929,-217.0,-2581.0,-260.0,-1420.5,-768.0,-422.5,0,1,0.0,1.0,1.0,0.0,0.0,0.0,1.0,0.0
274102,-17132.0,-1544.0,0.6386539909811715,0.5352762504724826,-1244.0,-1836.0,-269.0,-1042.0,-1286.0,-473.08333333333337,0,0,0.375,0.625,0.2,0.8,0.8,0.0,0.2,0.0
115672,-16401.0,-1544.0,0.652155068350052,0.6512602186973006,-441.0,-2643.0,-288.0,-1514.25,-2277.0,-1102.25,1,0,0.5,0.5,0.6666666666666666,0.0,0.0,0.0,1.0,0.0
229180,-16922.0,-3922.0,0.6924785010179455,0.470456116119975,-1694.0,-2349.0,-825.0,-1587.0,-2045.0,-1026.5,1,1,0.5,0.5,1.0,0.0,0.0,0.0,1.0,0.0
113818,-22976.0,-1544.0,0.2781362708871374,0.1261005588362325,0.0,-973.0,-109.0,-428.8888888888889,-698.0,-105.22222222222223,1,0,0.6666666666666666,0.3333333333333333,1.0,0.0,0.0,0.0,1.0,0.0
430753,-16367.0,-2779.0,0.5196397962800003,0.3185955240537633,-2347.0,-2193.0,-229.0,-907.8181818181819,-1365.0,-348.45454545454544,0,1,0.36363636363636365,0.6363636363636364,0.15384615384615385,0.6923076923076923,0.3076923076923077,0.07692307692307693,0.3076923076923077,0.07692307692307693
182582,-10069.0,-1322.0,0.7573035697593522,0.1393757800997895,-868.0,-373.0,-368.0,-370.5,747.0,-43.5,0,0,1.0,0.0,0.5,0.25,0.25,0.0,0.75,0.25
442782,-15606.0,-563.0,0.4866385057322799,0.2735646775174348,-693.0,-2572.0,-278.0,-1112.0,-1985.0,-555.8333333333334,0,1,0.3333333333333333,0.6666666666666666,0.5555555555555556,0.3333333333333333,0.1111111111111111,0.0,0.6666666666666666,0.0
231540,-16682.0,-2805.0,0.5563601161234271,0.6658549219640212,-131.0,-2314.0,-299.0,-1424.142857142857,-1909.0,-776.5714285714286,1,0,0.14285714285714285,0.8571428571428571,0.42857142857142855,0.0,0.0,0.0,1.0,0.0
410344,-19138.0,-1544.0,0.3835989200915303,0.5620604831738043,-383.0,-399.0,-399.0,-399.0,-215.0,-101.5,0,0,0.5,0.5,1.0,0.0,0.0,0.0,1.0,0.5
367238,-16099.0,-1544.0,0.5192740689484122,0.4956658291397297,-2525.0,-2647.0,-67.0,-1187.8,-2475.0,-259.0,0,0,0.5,0.5,0.3,0.3,0.3,0.0,0.7,0.3
301372,-22826.0,-1544.0,0.6542158261635869,0.5352762504724826,-1723.0,-2774.0,-265.0,-1412.2,-1995.0,-777.5,1,0,0.4,0.6,0.4444444444444444,0.5,0.5,0.0,0.5,0.2222222222222222
184626,-19982.0,-1544.0,0.3877074015773502,0.3031463744186309,-2637.0,-1565.0,-97.0,-807.6,-330.0,-13.4,1,1,1.0,0.0,1.0,0.0,0.0,0.0,1.0,0.0
433952,-15288.0,-197.0,0.6316916283069463,0.4956658291397297,0.0,-1903.0,-542.0,-1125.0,-1691.0,-416.2857142857143,1,1,0.5714285714285714,0.42857142857142855,0.5,0.25,0.0,0.0,0.75,0.0
452299,-12228.0,-3116.0,0.6945561409742323,0.5352762504724826,-1985.0,-2584.0,-175.0,-1039.75,-757.0,-264.375,0,1,0.5,0.5,0.5714285714285714,0.35714285714285715,0.21428571428571427,0.0,0.5714285714285714,0.07142857142857142
281078,-23137.0,-1833.0,0.6269373399883886,0.1986200451074864,-1195.0,-1327.0,-39.0,-645.4285714285714,-515.0,-149.28571428571428,0,1,0.7142857142857143,0.2857142857142857,0.4,0.2,0.2,0.0,0.8,0.2
163598,-13257.0,-2689.0,0.5343127715846797,0.3589512285783967,-831.0,-1353.0,-101.0,-708.625,-1108.0,-339.375,0,1,0.5,0.5,0.8888888888888888,0.0,0.0,0.0,0.8888888888888888,0.1111111111111111
218348,-21208.0,-1544.0,0.5639029199733008,0.1986200451074864,-390.0,-601.0,-363.0,-493.3333333333333,-330.0,-59.666666666666664,1,0,0.6666666666666666,0.3333333333333333,0.5,0.16666666666666666,0.16666666666666666,0.0,0.8333333333333334,0.0
344396,-20390.0,-1544.0,0.7326359051084308,0.5919766183185521,-1592.0,-2593.0,-272.0,-1609.0,-2288.0,-841.3333333333334,1,0,0.3333333333333333,0.6666666666666666,1.0,0.0,0.0,0.0,1.0,0.0
165961,-12146.0,-4423.0,0.5334257566788186,0.4776491548517548,-1254.0,-2754.0,-246.0,-1511.9333333333334,-2153.0,-941.5,1,1,0.16666666666666666,0.8333333333333334,0.6666666666666666,0.16666666666666666,0.0,0.0,0.8333333333333334,0.16666666666666666
376609,-11608.0,-986.0,0.6874499780039501,0.4489622731076524,-2898.0,-2158.0,-324.0,-1086.0,-1653.0,-392.625,1,1,0.5,0.5,0.7142857142857143,0.14285714285714285,0.0,0.0,0.8571428571428571,0.0
251483,-24941.0,-1544.0,0.4422407211402677,0.4561097392782771,-1465.0,-2779.0,-269.0,-1042.0,-2219.0,-473.08333333333337,0,0,0.5,0.5,0.8,0.0,0.0,0.0,1.0,0.0
430772,-14271.0,-4058.0,0.7006681483774961,0.5316861425197883,-369.0,-1215.0,-263.0,-931.1428571428571,-1030.0,-330.0,0,1,0.5714285714285714,0.42857142857142855,0.46153846153846156,0.15384615384615385,0.15384615384615385,0.0,0.8461538461538461,0.15384615384615385
254822,-13217.0,-870.0,0.5314006208239265,0.4740512892789932,-479.0,-962.0,-255.0,-491.6666666666667,-596.0,-217.0,0,1,0.6666666666666666,0.3333333333333333,1.0,0.0,0.0,0.0,1.0,0.0
181302,-10744.0,-735.0,0.663675665094212,0.2188590822283744,-1.0,-1685.0,-295.0,-1049.6666666666667,-175.0,-319.3333333333333,0,1,0.3333333333333333,0.6666666666666666,0.5833333333333334,0.4166666666666667,0.25,0.0,0.5833333333333334,0.0
310541,-8476.0,-436.0,0.4868624910554895,0.5352762504724826,-1656.0,-322.0,-322.0,-322.0,-19.0,-17.0,1,0,1.0,0.0,1.0,0.0,0.0,0.0,1.0,0.0
382409,-16311.0,-858.0,0.7327643885077355,0.6894791426446275,-409.0,-897.0,-432.0,-664.5,-530.0,-431.5,1,0,0.0,1.0,1.0,0.0,0.0,0.0,1.0,0.0
236281,-18610.0,-5301.0,0.5692030927676036,0.4188542886233217,0.0,-2218.0,-290.0,-1406.3333333333333,-1945.0,-1127.6666666666667,1,0,0.3333333333333333,0.6666666666666666,1.0,0.0,0.0,0.0,1.0,0.0
287294,-22219.0,-1544.0,0.3847526180575303,0.633031641417419,-1457.0,-1994.0,-1230.0,-1600.1666666666667,-1689.0,-826.1666666666666,1,0,0.16666666666666666,0.8333333333333334,1.0,0.0,0.0,0.0,1.0,0.0
212074,-19966.0,-1588.0,0.7344694831347198,0.5726825047161584,-2916.0,-2102.0,-133.0,-1198.8947368421052,-1890.0,-844.8421052631579,1,1,0.3157894736842105,0.6842105263157895,0.4090909090909091,0.4090909090909091,0.36363636363636365,0.0,0.5909090909090909,0.045454545454545456
451670,-11169.0,-1895.0,0.6366380142288596,0.5352762504724826,-10.0,-1836.0,-269.0,-1042.0,-1286.0,-473.08333333333337,1,0,0.375,0.625,0.5,0.0,0.0,0.0,1.0,1.0
129549,-15098.0,-1206.0,0.5893771626985295,0.5136937663039473,-1715.0,-2549.0,-510.0,-1529.5,-740.0,-841.5,0,0,0.5,0.5,0.3,0.7,0.5,0.0,0.3,0.2
427972,-20043.0,-1544.0,0.4319538442257451,0.5190973382084597,-247.0,-1993.0,-223.0,-1181.8,-1779.0,-133.4,0,0,0.8,0.2,0.3,0.1,0.1,0.0,0.9,0.0
297755,-24870.0,-1544.0,0.162144567666238,0.5849900404894085,0.0,-2478.0,-163.0,-1213.0,-2111.0,-706.2,1,0,0.4,0.6,1.0,0.0,0.0,0.0,1.0,0.0
237127,-17052.0,-237.0,0.2426991997229725,0.5352762504724826,0.0,-1836.0,-269.0,-1042.0,-1286.0,-473.08333333333337,1,1,0.375,0.625,1.0,0.0,0.0,0.0,1.0,0.0
199759,-18389.0,-1436.0,0.5195033332983352,0.5352762504724826,0.0,-1836.0,-269.0,-1042.0,-1286.0,-473.08333333333337,1,1,0.375,0.625,1.0,0.0,0.0,0.0,1.0,0.0
446690,-21923.0,-1544.0,0.1248384335788603,0.5352762504724826,-152.0,-1836.0,-269.0,-1042.0,-1286.0,-473.08333333333337,1,0,0.375,0.625,0.8333333333333334,0.16666666666666666,0.0,0.0,0.8333333333333334,0.0
418679,-16705.0,-5180.0,0.6882997791603791,0.5352762504724826,-2062.0,-1836.0,-269.0,-1042.0,-1286.0,-473.08333333333337,1,0,0.375,0.625,1.0,0.0,0.0,0.0,1.0,0.0
409126,-19385.0,-1150.0,0.6567787174204534,0.6626377922738201,-998.0,-2541.0,-190.0,-1406.5714285714287,-2449.0,-765.8571428571429,1,0,0.2857142857142857,0.7142857142857143,0.6666666666666666,0.0,0.0,0.0,1.0,0.0
178485,-10636.0,-915.0,0.219415191097014,0.7295666907060153,0.0,-2330.0,-374.0,-1598.1666666666667,-1165.0,-248.5,1,1,0.6666666666666666,0.3333333333333333,1.0,0.0,0.0,0.0,1.0,0.0
164274,-22582.0,-1544.0,0.6162546846630235,0.7981372313187245,-51.0,-1796.0,-847.0,-1321.5,-878.0,-308.0,0,0,0.0,1.0,1.0,0.0,0.0,0.0,1.0,0.0
128277,-11306.0,-2053.0,0.0078332092346802,0.3807996826489149,-911.0,-958.0,-99.0,-495.6666666666667,-836.0,-287.6666666666667,1,0,0.6666666666666666,0.3333333333333333,1.0,0.0,0.0,0.0,1.0,0.0
102392,-16557.0,-2576.0,0.5617399246315241,0.6785676886853644,-1863.0,-572.0,-572.0,-572.0,-212.0,-202.0,0,1,0.0,1.0,0.75,0.25,0.25,0.0,0.75,0.0
247343,-10998.0,-106.0,0.6589197971528863,0.2276129150623945,-1855.0,-2513.0,-111.0,-1075.25,-743.0,-294.0,1,1,0.625,0.375,1.0,0.0,0.0,0.0,1.0,0.0
282983,-11440.0,-3178.0,0.4694418015283168,0.6263042766749393,-1448.0,-950.0,-420.0,-685.0,-599.0,-262.5,0,1,0.5,0.5,0.8333333333333334,0.0,0.0,0.0,1.0,0.0
293321,-8523.0,-1935.0,0.3178443819399267,0.5352762504724826,-552.0,-1836.0,-269.0,-1042.0,-1286.0,-473.08333333333337,0,1,0.375,0.625,1.0,0.0,0.0,0.0,1.0,0.0
180032,-13142.0,-917.0,0.1691493245278404,0.1419915427739129,-2327.0,-2602.0,-75.0,-786.6363636363636,-1506.0,-341.09090909090907,1,1,0.6363636363636364,0.36363636363636365,0.2,0.0,0.0,0.0,1.0,0.0
236235,-11776.0,-2043.0,0.3811768180922356,0.4543210601605785,-520.0,-986.0,-314.0,-618.8888888888889,-894.0,-283.22222222222223,1,0,0.3333333333333333,0.6666666666666666,0.375,0.375,0.375,0.0,0.625,0.25
316986,-14244.0,-951.0,0.5913866989491036,0.4083588531230431,-1196.0,-2520.0,-1309.0,-1725.3333333333333,-694.0,-619.0,0,0,0.6666666666666666,0.3333333333333333,1.0,0.0,0.0,0.0,1.0,0.0
262275,-9155.0,-1479.0,0.0981128346947381,0.2896112383820055,-296.0,-1239.0,-71.0,-386.875,-330.0,-226.25,0,0,0.625,0.375,1.0,0.0,0.0,0.0,1.0,1.0
204095,-10932.0,-642.0,0.3502282764063256,0.5352762504724826,-535.0,-1836.0,-269.0,-1042.0,-1286.0,-473.08333333333337,0,1,0.375,0.625,0.6666666666666666,0.3333333333333333,0.0,0.3333333333333333,0.6666666666666666,0.3333333333333333
320821,-18179.0,-1008.0,0.2226266538886952,0.5954562029091491,-610.0,-1178.0,-1164.0,-1171.0,-1286.0,-1066.0,0,1,0.5,0.5,0.375,0.0,0.0,0.0,1.0,0.25
348561,-14707.0,-2207.0,0.1969882638038377,0.6006575372857061,-572.0,-944.0,-140.0,-561.3333333333334,-579.0,-239.33333333333334,1,1,0.3333333333333333,0.6666666666666666,0.4444444444444444,0.0,0.0,0.0,1.0,0.1111111111111111
133568,-11616.0,-3029.0,0.5939839799905154,0.8050196619153701,0.0,-2187.0,-422.0,-1421.5,-2037.0,-550.5,1,0,0.3333333333333333,0.6666666666666666,1.0,0.0,0.0,0.0,1.0,0.5
449588,-10112.0,-1382.0,0.0201343698867395,0.3996756156233169,0.0,-1261.0,-92.0,-634.8571428571429,-1078.0,-319.85714285714283,1,1,0.42857142857142855,0.5714285714285714,0.5,0.0,0.0,0.0,1.0,0.0
362913,-20485.0,-673.0,0.068263711070222,0.5352762504724826,0.0,-757.0,-750.0,-753.3333333333334,338.0,-435.3333333333333,0,1,1.0,0.0,1.0,0.0,0.0,0.0,1.0,0.0
183684,-13538.0,-2340.0,0.3245764472624408,0.5549467685334323,-1078.0,-1077.0,-27.0,-319.5,-711.0,-190.75,1,1,0.25,0.75,0.5,0.25,0.25,0.0,0.5,0.25
391656,-15729.0,-3289.0,0.331711386227595,0.6801388218428291,-1287.0,-1696.0,-233.0,-970.0,-1331.0,-305.8,1,0,0.3,0.7,1.0,0.0,0.0,0.0,1.0,0.0
195481,-18499.0,-721.0,0.1637701756513119,0.2910973802776635,-429.0,-1864.0,-262.0,-730.8571428571429,-1652.0,-156.85714285714286,1,1,0.7142857142857143,0.2857142857142857,1.0,0.0,0.0,0.0,1.0,0.0
165459,-8664.0,-1646.0,0.6148056792289229,0.3589512285783967,-1014.0,-64.0,-41.0,-52.5,-330.0,-15.5,1,1,0.5,0.5,0.2857142857142857,0.2857142857142857,0.0,0.0,0.7142857142857143,0.14285714285714285
189803,-11256.0,-774.0,0.1857263161848868,0.470456116119975,-1154.0,-1034.0,-316.0,-648.6666666666666,-330.0,-20.0,1,0,1.0,0.0,1.0,0.0,0.0,0.0,1.0,1.0
106093,-15056.0,-1086.0,0.4187950174202421,0.7801436381572275,-4.0,-1980.0,-826.0,-1374.8,-1676.0,-918.6,0,0,0.4,0.6,1.0,0.0,0.0,0.0,1.0,0.0
230877,-13137.0,-2392.0,0.5991941776659778,0.5046813193144684,-571.0,-1645.0,-354.0,-805.5,-1553.0,-409.5,1,1,0.375,0.625,0.4,0.6,0.0,0.4,0.4,0.2
363416,-10937.0,-995.0,0.6738140240475433,0.5656079814115492,-2641.0,-2641.0,-66.0,-1383.8666666666666,-2518.0,-752.4,1,1,0.13333333333333333,0.8666666666666667,0.16666666666666666,0.5,0.16666666666666666,0.0,0.16666666666666666,0.0
273251,-8616.0,-517.0,0.0003696328687605,0.2636468134452008,-201.0,-610.0,-139.0,-416.5,-186.0,-80.0,0,0,0.5,0.5,0.3333333333333333,0.0,0.0,0.0,1.0,0.16666666666666666
323091,-8140.0,-227.0,0.6595436779932847,0.3108182544189319,-354.0,-463.0,-91.0,-277.0,1364.0,-29.5,0,1,1.0,0.0,1.0,0.0,0.0,0.0,1.0,0.0
444695,-16414.0,-145.0,0.1540316222344741,0.5352762504724826,-622.0,-2377.0,-112.0,-925.1818181818181,-2212.0,-709.0909090909091,0,0,0.45454545454545453,0.5454545454545454,0.7857142857142857,0.21428571428571427,0.0,0.0,0.7857142857142857,0.21428571428571427
342312,-10734.0,-617.0,0.5968812268499248,0.1437580534911652,-257.0,-408.0,-104.0,-238.8,-330.0,-105.8,0,1,0.8,0.2,0.375,0.375,0.0,0.25,0.625,0.0
288723,-23560.0,-1544.0,0.3506364483717749,0.2778856891082046,-1524.0,-2108.0,-855.0,-1550.4,-1751.0,-823.2,1,0,0.0,1.0,0.5714285714285714,0.21428571428571427,0.21428571428571427,0.0,0.7857142857142857,0.14285714285714285
327938,-22049.0,-1544.0,0.3726571103634387,0.5832379256761245,-497.0,-2873.0,-204.0,-1140.8,-2691.0,-746.9333333333333,0,0,0.2,0.7333333333333333,0.3333333333333333,0.3333333333333333,0.3333333333333333,0.0,0.6666666666666666,0.3333333333333333
102768,-10884.0,-887.0,0.1238859187969087,0.158554899794863,0.0,-256.0,-256.0,-256.0,111.0,-12.0,1,0,1.0,0.0,1.0,0.0,0.0,0.0,1.0,0.0
292720,-20922.0,-3298.0,0.6873090049669062,0.5726825047161584,-2270.0,-815.0,-10.0,-441.0,-449.0,-151.66666666666666,1,0,0.3333333333333333,0.6666666666666666,1.0,0.0,0.0,0.0,1.0,0.0
196661,-13698.0,-746.0,0.7651608023295703,0.1963339662134567,-168.0,-208.0,-68.0,-124.0,271.0,-25.0,1,1,0.6666666666666666,0.3333333333333333,0.5,0.0,0.0,0.0,1.0,0.0
233033,-22290.0,-1544.0,0.7044973118583409,0.6512602186973006,-1664.0,-508.0,-351.0,-403.6666666666667,-360.0,-289.6666666666667,1,0,0.0,1.0,1.0,0.0,0.0,0.0,1.0,0.0
117026,-12027.0,-2641.0,0.0845043675093664,0.1595195404777181,-208.0,-336.0,-81.0,-208.5,29.0,-20.5,1,1,1.0,0.0,0.5,0.0,0.0,0.0,1.0,0.0
195016,-15018.0,-603.0,0.0844891430037251,0.4135967602644276,0.0,-684.0,-124.0,-428.6666666666667,-561.0,-300.0,0,1,0.3333333333333333,0.6666666666666666,1.0,0.0,0.0,0.0,1.0,0.0
312352,-11084.0,-1799.0,0.7105068043337903,0.5352762504724826,-832.0,-1836.0,-269.0,-1042.0,-1286.0,-473.08333333333337,1,0,0.375,0.625,1.0,0.0,0.0,0.0,1.0,0.0
186715,-10224.0,-882.0,0.0567206970228191,0.5352762504724826,-318.0,-1836.0,-269.0,-1042.0,-1286.0,-473.08333333333337,0,1,0.375,0.625,0.8333333333333334,0.0,0.0,0.0,1.0,0.0
282799,-10232.0,-811.0,0.5540109906190815,0.5352762504724826,-359.0,-263.0,-44.0,-160.57142857142858,-330.0,-11.0,1,0,0.42857142857142855,0.5714285714285714,0.16666666666666666,0.6666666666666666,0.0,0.3333333333333333,0.3333333333333333,0.16666666666666666
260882,-23709.0,-1544.0,0.2924829562654021,0.3979463219016906,-295.0,-1488.0,-472.0,-1086.25,-1276.0,-515.25,1,0,0.0,1.0,0.3333333333333333,0.6666666666666666,0.6666666666666666,0.0,0.3333333333333333,0.0
108912,-18383.0,-927.0,0.6959507377420072,0.5352762504724826,-465.0,-1836.0,-269.0,-1042.0,-1286.0,-473.08333333333337,0,1,0.375,0.625,0.6666666666666666,0.0,0.0,0.0,1.0,0.0
159062,-8931.0,-2296.0,0.3531549928789576,0.3108182544189319,-2252.0,-1238.0,-144.0,-862.4,-858.0,-294.5,0,1,0.2,0.8,0.8,0.0,0.0,0.0,1.0,0.0
306672,-14386.0,-2371.0,0.2669517555782443,0.3572932680336494,-603.0,-2090.0,-113.0,-772.0,-1937.0,-48.0,0,1,1.0,0.0,0.5,0.375,0.375,0.0,0.625,0.375
355428,-13059.0,-1849.0,0.2671529277783148,0.5726825047161584,-625.0,-2035.0,-205.0,-1148.6666666666667,-1699.0,-729.8333333333334,0,0,0.3333333333333333,0.6666666666666666,0.5,0.5,0.5,0.0,0.5,0.5
230651,-13232.0,-1442.0,0.5203602717604611,0.6397075677637197,-856.0,-515.0,-515.0,-515.0,1311.0,-27.0,0,0,1.0,0.0,0.5,0.0,0.0,0.0,1.0,0.0
215517,-11059.0,-1028.0,0.6755466928465069,0.5352762504724826,-270.0,-1836.0,-269.0,-1042.0,-1286.0,-473.08333333333337,0,1,0.375,0.625,1.0,0.0,0.0,0.0,1.0,0.0
414554,-18577.0,-1544.0,0.3035067079523471,0.646329897706246,0.0,-1476.0,-705.0,-1179.0,-1292.0,-919.5,1,1,0.0,1.0,1.0,0.0,0.0,0.0,1.0,0.0
273162,-15257.0,-2527.0,0.481384778295505,0.5352762504724826,-825.0,-1836.0,-269.0,-1042.0,-1286.0,-473.08333333333337,1,0,0.375,0.625,0.8,0.2,0.2,0.0,0.8,0.0
110300,-11881.0,-2413.0,0.1730726074129658,0.6041125998015721,-1540.0,-1273.0,-881.0,-1129.6,-1179.0,-809.6,0,1,0.0,1.0,1.0,0.0,0.0,0.0,1.0,0.0
121161,-14349.0,-4082.0,0.2848365081770392,0.2837118826350007,-1650.0,-1258.0,-180.0,-718.8571428571429,-916.0,-376.85714285714283,1,1,0.2857142857142857,0.7142857142857143,1.0,0.0,0.0,0.0,1.0,0.0
425303,-15334.0,-175.0,0.3056929881840761,0.5352762504724826,-1741.0,-2391.0,-269.0,-2391.0,-2209.0,-473.08333333333337,1,1,0.0,1.0,0.875,0.0,0.0,0.0,1.0,0.0
126379,-14967.0,-5827.0,0.0653681079985778,0.2955826421513093,-458.0,-2422.0,-262.0,-1347.111111111111,-2060.0,-943.5555555555555,1,1,0.2222222222222222,0.6666666666666666,0.4,0.6,0.6,0.0,0.4,0.2
406075,-18581.0,-2115.0,0.2631351109026627,0.6075573001388961,-1273.0,-2574.0,-194.0,-1061.111111111111,-2027.0,-487.55555555555554,1,1,0.2222222222222222,0.7777777777777778,0.2857142857142857,0.2857142857142857,0.2857142857142857,0.0,0.7142857142857143,0.0
197259,-11802.0,-411.0,0.580686936821281,0.1359510441732951,-3167.0,-1448.0,-41.0,-680.875,-1357.0,-425.0625,1,1,0.4375,0.5625,1.0,0.0,0.0,0.0,1.0,0.0
193501,-8060.0,-294.0,0.6050929200777626,0.5352762504724826,-171.0,-867.0,-533.0,-686.0,-533.0,-579.4,1,1,0.8,0.2,1.0,0.0,0.0,0.0,1.0,0.0
291853,-11762.0,-1388.0,0.6211914775671671,0.2103502286944494,-244.0,-1386.0,-240.0,-649.2,-330.0,-162.0,0,1,0.4,0.6,0.4,0.3,0.1,0.1,0.7,0.0
174046,-12672.0,-709.0,0.1905626909400036,0.5352762504724826,0.0,-1836.0,-269.0,-1042.0,-1286.0,-473.08333333333337,0,1,0.375,0.625,1.0,0.0,0.0,0.0,1.0,0.0
272258,-18145.0,-2819.0,0.0605182111657189,0.3672910183026313,-1521.0,-2166.0,-62.0,-830.9166666666666,-2074.0,-409.1666666666667,1,1,0.4166666666666667,0.5833333333333334,0.3333333333333333,0.1111111111111111,0.0,0.0,0.8888888888888888,0.0
149343,-10560.0,-1111.0,0.3093578405468962,0.2721336844147212,-267.0,-572.0,-77.0,-299.0,-449.0,-163.33333333333334,1,1,0.6666666666666666,0.3333333333333333,0.23076923076923078,0.5384615384615384,0.0,0.5384615384615384,0.46153846153846156,0.15384615384615385
431068,-18907.0,-445.0,0.6695607873909883,0.5638350489514956,-1278.0,-1119.0,-1119.0,-1119.0,344.0,-78.0,0,1,1.0,0.0,1.0,0.0,0.0,0.0,1.0,0.0
133346,-7989.0,-424.0,0.3941010334956565,0.3556387169923543,0.0,-412.0,-39.0,-202.0,148.0,-21.0,1,1,1.0,0.0,1.0,0.0,0.0,0.0,1.0,0.0
169120,-14106.0,-440.0,0.1173147789870856,0.5352762504724826,-338.0,-1836.0,-269.0,-1042.0,-1286.0,-473.08333333333337,0,0,0.375,0.625,0.5,0.5,0.5,0.0,0.5,0.0
194289,-24575.0,-1544.0,0.4417661071081467,0.3296550543128238,-234.0,-1287.0,-147.0,-612.5,-828.0,-339.6666666666667,1,0,0.16666666666666666,0.8333333333333334,0.5,0.0,0.0,0.0,1.0,0.0
270247,-8520.0,-529.0,0.6640270114551131,0.1566398270314114,-482.0,-532.0,-38.0,-159.33333333333334,-330.0,-58.0,1,1,0.3333333333333333,0.6666666666666666,1.0,0.0,0.0,0.0,1.0,0.0
207535,-16194.0,-1544.0,0.5530706584512258,0.6894791426446275,-958.0,-2834.0,-253.0,-1089.5,-2089.0,-272.2,0,0,0.6,0.3,1.0,0.0,0.0,0.0,1.0,0.5
220473,-18749.0,-675.0,0.6239507696932519,0.5709165417729987,-2450.0,-2914.0,-152.0,-1162.6,-1818.0,-436.2,1,0,0.6,0.4,1.0,0.0,0.0,0.0,1.0,0.0
320450,-12356.0,-1777.0,0.1397058468710713,0.5082869913916046,-1147.0,-1239.0,-100.0,-389.25,-87.0,-22.5,0,0,0.75,0.25,1.0,0.0,0.0,0.0,1.0,0.0
265882,-21244.0,-318.0,0.3681185670277635,0.1253078784282391,-664.0,-619.0,-57.0,-283.09090909090907,-368.0,-127.0,1,1,0.36363636363636365,0.6363636363636364,0.3076923076923077,0.15384615384615385,0.15384615384615385,0.0,0.8461538461538461,0.07692307692307693
159521,-10099.0,-1620.0,0.5810116981053661,0.5352762504724826,-2237.0,-2702.0,-269.0,-1042.0,-2580.0,-473.08333333333337,0,1,0.3333333333333333,0.6666666666666666,1.0,0.0,0.0,0.0,1.0,0.0
294734,-19472.0,-926.0,0.6568132223916464,0.3927738606031339,-223.0,-751.0,-484.0,-599.6666666666666,344.0,-16.666666666666668,0,1,1.0,0.0,1.0,0.0,0.0,0.0,1.0,0.5
301013,-9943.0,-1389.0,0.414861477635626,0.2594676548211199,-622.0,-584.0,-36.0,-271.8333333333333,-29.0,-158.33333333333334,1,1,0.5,0.5,0.5714285714285714,0.2857142857142857,0.2857142857142857,0.0,0.7142857142857143,0.0
333419,-24634.0,-1544.0,0.5316238732251467,0.8633633824101478,0.0,-2048.0,-269.0,-2048.0,-1743.0,-1494.0,0,0,0.0,1.0,1.0,0.0,0.0,0.0,1.0,0.0
206847,-9028.0,-461.0,0.2463915967105869,0.5352762504724826,-4.0,-1836.0,-269.0,-1042.0,-1286.0,-473.08333333333337,0,1,0.375,0.625,0.5,0.25,0.0,0.0,0.75,0.0
279389,-20498.0,-1544.0,0.6316458382432906,0.6674577419214722,-168.0,-2425.0,-119.0,-1525.8333333333333,-2060.0,-631.3333333333334,1,0,0.16666666666666666,0.8333333333333334,1.0,0.0,0.0,0.0,1.0,0.0
410519,-10883.0,-1802.0,0.005649165178933,0.5352762504724826,0.0,-1836.0,-269.0,-1042.0,-1286.0,-473.08333333333337,0,1,0.375,0.625,0.75,0.25,0.25,0.0,0.75,0.0
324290,-13694.0,-964.0,0.0828761045437217,0.3893387918468769,-51.0,-856.0,-338.0,-484.75,758.0,-20.0,0,0,1.0,0.0,0.4166666666666667,0.5,0.4166666666666667,0.0,0.5,0.0
189789,-9105.0,-379.0,0.4845409646298458,0.5352762504724826,0.0,-1836.0,-269.0,-1042.0,-1286.0,-473.08333333333337,1,1,0.375,0.625,1.0,0.0,0.0,0.0,1.0,0.0
390582,-10051.0,-881.0,0.1247142525126142,0.7136313997323308,-1149.0,-733.0,-733.0,-733.0,-3.0,-488.0,1,0,0.0,1.0,1.0,0.0,0.0,0.0,1.0,0.0
217691,-19108.0,-2298.0,0.3501834903839345,0.5352762504724826,0.0,-1836.0,-269.0,-1042.0,-1286.0,-473.08333333333337,0,1,0.375,0.625,1.0,0.0,0.0,0.0,1.0,0.0
422125,-21421.0,-670.0,0.6891108370159869,0.5352762504724826,-410.0,-2043.0,-389.0,-940.3333333333334,-1736.0,-24.333333333333332,0,0,1.0,0.0,0.8,0.0,0.0,0.0,1.0,0.8
440794,-19297.0,-2189.0,0.481646830650865,0.3360615207658242,-397.0,-2587.0,-78.0,-1037.0666666666666,-2374.0,-612.6666666666666,1,1,0.4,0.5333333333333333,0.6666666666666666,0.0,0.0,0.0,0.6666666666666666,0.0
407647,-11841.0,-1068.0,0.5376520487458736,0.5352762504724826,-287.0,-1836.0,-269.0,-1042.0,-1286.0,-473.08333333333337,1,0,0.375,0.625,1.0,0.0,0.0,0.0,1.0,0.0
218404,-11925.0,-4085.0,0.6682095404428827,0.4048783643353997,-1331.0,-1781.0,-276.0,-1079.6666666666667,-1474.0,-499.8333333333333,0,0,0.5,0.5,0.8888888888888888,0.0,0.0,0.0,1.0,0.0
104057,-22482.0,-1544.0,0.3819921394410039,0.5352762504724826,-1476.0,-1836.0,-269.0,-1042.0,-1286.0,-473.08333333333337,1,0,0.375,0.625,0.8,0.2,0.2,0.0,0.8,0.2
118513,-19041.0,-1177.0,0.540102707255089,0.1393757800997895,-306.0,-1063.0,-213.0,-505.6666666666667,-630.0,-101.44444444444444,1,0,0.4444444444444444,0.5555555555555556,0.25,0.125,0.125,0.0,0.875,0.375
166918,-13742.0,-102.0,0.1735143337102543,0.3572932680336494,-612.0,-892.0,-207.0,-518.3333333333334,-330.0,-166.0,0,1,0.3333333333333333,0.6666666666666666,0.42857142857142855,0.42857142857142855,0.2857142857142857,0.0,0.42857142857142855,0.14285714285714285
199132,-13472.0,-2099.0,0.4709888892213641,0.5154953751603267,-1482.0,-1357.0,-357.0,-951.8333333333334,-918.0,-529.1666666666666,1,0,0.25,0.75,0.75,0.25,0.125,0.0,0.75,0.25
378856,-9870.0,-784.0,0.043656012199981,0.5352762504724826,-942.0,-1836.0,-269.0,-1042.0,-1286.0,-473.08333333333337,1,0,0.375,0.625,0.5555555555555556,0.4444444444444444,0.1111111111111111,0.3333333333333333,0.5555555555555556,0.3333333333333333
262502,-11490.0,-1244.0,0.4387160543942522,0.1884895337951677,-1527.0,-2247.0,-27.0,-767.6153846153846,-1943.0,-492.61538461538464,1,1,0.46153846153846156,0.5384615384615384,0.5,0.5,0.25,0.0,0.5,0.0
103342,-8511.0,-85.0,0.0147741819841398,0.5352762504724826,-758.0,-1836.0,-269.0,-1042.0,-1286.0,-473.08333333333337,0,1,0.375,0.625,0.5,0.5,0.0,0.0,0.5,0.0
189720,-16121.0,-732.0,0.5998714608507393,0.5352762504724826,-177.0,-1836.0,-269.0,-1042.0,-1286.0,-473.08333333333337,0,0,0.375,0.625,0.3333333333333333,0.0,0.0,0.0,1.0,0.3333333333333333
179439,-9653.0,-1290.0,0.3344900162186198,0.5352762504724826,-167.0,-885.0,-13.0,-399.8181818181818,-519.0,-139.0,0,0,0.5454545454545454,0.45454545454545453,0.14285714285714285,0.42857142857142855,0.2857142857142857,0.14285714285714285,0.5714285714285714,0.14285714285714285
218650,-12593.0,-1491.0,0.3761502588645498,0.6738300778602003,-903.0,-1061.0,-1061.0,-1061.0,738.0,-20.0,0,0,1.0,0.0,1.0,0.0,0.0,0.0,1.0,0.0
158493,-9156.0,-398.0,0.1748858741715083,0.4365064990977374,0.0,-699.0,-427.0,-523.6666666666666,-262.0,-249.66666666666666,0,1,0.3333333333333333,0.6666666666666666,1.0,0.0,0.0,0.0,1.0,0.0
210923,-18427.0,-375.0,0.246602800133862,0.5352762504724826,0.0,-1836.0,-269.0,-1042.0,-1286.0,-473.08333333333337,1,0,0.375,0.625,1.0,0.0,0.0,0.0,1.0,0.0
127551,-13661.0,-6029.0,0.6151525919279317,0.3233112448967859,-35.0,-2825.0,-101.0,-1484.111111111111,-2644.0,-1207.4444444444443,0,1,0.2222222222222222,0.7777777777777778,0.2857142857142857,0.2857142857142857,0.2857142857142857,0.0,0.7142857142857143,0.0
148472,-10026.0,-153.0,0.2400564004312804,0.3092753558842053,0.0,-1432.0,-152.0,-602.25,-1063.0,-337.5,0,1,0.5,0.5,1.0,0.0,0.0,0.0,1.0,0.0
136937,-11464.0,-2331.0,0.0261381217665229,0.2608559142068693,-721.0,-1304.0,-294.0,-636.1666666666666,-1123.0,-234.5,1,0,0.6666666666666666,0.3333333333333333,0.3684210526315789,0.47368421052631576,0.10526315789473684,0.21052631578947367,0.5263157894736842,0.5789473684210527
221294,-13797.0,-4230.0,0.1627902635342866,0.1714683668967994,-1714.0,-2262.0,-280.0,-1113.3333333333333,-1958.0,-408.6666666666667,1,1,0.5555555555555556,0.4444444444444444,0.7,0.2,0.1,0.0,0.8,0.2
